<?xml version="1.0" encoding="UTF-8"?>
<project-private xmlns="http://www.netbeans.org/ns/project-private/1">
    <editor-bookmarks xmlns="http://www.netbeans.org/ns/editor-bookmarks/2" lastBookmarkId="0"/>
    <open-files xmlns="http://www.netbeans.org/ns/projectui-open-files/2">
        <group>
            <file>file:/C:/Users/rac/OneDrive/Documentos/Universidad/programacion%203/Proyecto%20Final/Proyecto5.4/ProyecAPPFInal/src/Juegos/Examen1.java</file>
            <file>file:/C:/Users/rac/OneDrive/Documentos/Universidad/programacion%203/Proyecto%20Final/Proyecto5.4/ProyecAPPFInal/src/Login/Login.java</file>
            <file>file:/C:/Users/rac/OneDrive/Documentos/Universidad/programacion%203/Proyecto%20Final/Proyecto5.4/ProyecAPPFInal/src/Login/Registro.java</file>
            <file>file:/C:/Users/rac/OneDrive/Documentos/Universidad/programacion%203/Proyecto%20Final/Proyecto5.4/ProyecAPPFInal/src/Juegos/ExamenFparaN2.java</file>
            <file>file:/C:/Users/rac/OneDrive/Documentos/Universidad/programacion%203/Proyecto%20Final/Proyecto5.4/ProyecAPPFInal/src/Juegos/Lectura.java</file>
            <file>file:/C:/Users/rac/OneDrive/Documentos/Universidad/programacion%203/Proyecto%20Final/Proyecto5.4/ProyecAPPFInal/src/Juegos/JuegoPalabras.java</file>
        </group>
    </open-files>
</project-private>
