<?xml version="1.0" encoding="UTF-8"?>
<project-private xmlns="http://www.netbeans.org/ns/project-private/1">
    <editor-bookmarks xmlns="http://www.netbeans.org/ns/editor-bookmarks/2" lastBookmarkId="0"/>
    <open-files xmlns="http://www.netbeans.org/ns/projectui-open-files/2">
        <group>
            <file>file:/C:/Users/177685/Documents/Programacion3/proyectolabo/src/proyectolabo/Pregunta.java</file>
            <file>file:/C:/Users/177685/Documents/Programacion3/proyectolabo/src/proyectolabo/Preguntas.java</file>
            <file>file:/C:/Users/177685/Documents/Programacion3/proyectolabo/src/proyectolabo/Usuarios.java</file>
            <file>file:/C:/Users/177685/Documents/Programacion3/proyectolabo/src/proyectolabo/ProyectoProgra.java</file>
            <file>file:/C:/Users/177685/Documents/Programacion3/proyectolabo/src/proyectolabo/Usuario.java</file>
        </group>
    </open-files>
</project-private>
